record_id,temperature,occupancy,runtime,load,group,high_demand
1,62.72,37.48,54.22,33.72,G2,0
2,47.61,48.01,56.53,43.47,G1,0
3,56.75,40.57,43.42,38.98,G1,0
4,68.37,24.76,56.64,32.77,G2,0
5,50.42,,60.99,57.3,G1,1
6,38.74,53.95,60.12,66.02,G1,1
7,44.94,44.78,52.9,37.99,G2,0
8,55.81,62.86,44.28,56.86,G1,1
9,57.57,63.48,43.75,36.74,G1,0
10,31.35,54.57,61.36,54.5,G2,0
11,59.89,41.88,57.03,35.0,G1,0
12,42.48,26.99,52.55,47.67,G2,0
13,42.33,49.84,38.93,69.56,G2,1
14,41.29,71.43,60.06,54.37,G2,1
15,68.24,53.47,53.88,65.05,G1,1
16,46.09,56.49,80.49,53.39,G2,1
17,41.05,40.65,40.16,51.96,G1,0
18,,59.32,38.81,58.22,G2,1
19,68.51,44.38,62.61,64.13,G1,1
20,63.74,26.17,54.86,49.27,G2,0
21,51.33,38.64,75.0,47.17,G2,1
22,60.57,58.94,48.66,51.95,G1,0
23,65.05,37.2,37.82,48.0,G2,0
24,59.8,43.77,60.56,47.17,G1,1
25,36.36,,42.43,51.12,G1,0
26,34.46,54.79,54.72,45.17,G2,0
27,39.28,42.92,33.62,53.9,G1,0
28,34.48,41.54,42.3,64.56,G1,1
29,45.77,49.1,43.31,67.83,G2,1
30,73.32,55.31,51.89,46.39,G1,1
31,58.16,53.48,45.37,31.49,G2,0
32,44.0,49.65,53.12,53.01,G1,0
33,50.15,48.95,43.7,53.74,G1,0
34,38.39,46.09,56.57,57.01,G2,0
35,48.19,44.01,53.24,54.93,G2,0
36,38.28,48.53,57.96,42.69,G1,0
37,51.68,44.47,40.48,54.58,G1,0
38,58.96,52.93,52.96,49.49,G2,1
39,58.66,62.04,68.64,68.58,G1,1
40,61.63,,44.75,42.34,G2,1
41,61.68,50.24,53.36,57.06,G2,1
42,52.05,41.81,44.53,58.12,G1,1
43,54.72,38.38,50.94,51.19,G2,1
44,,58.64,43.84,52.55,G2,1
45,31.28,36.68,50.71,50.52,G2,0
46,70.47,69.78,41.68,55.41,G1,1
47,60.32,52.28,53.85,60.09,G2,1
48,53.49,55.39,34.24,51.08,G1,1
49,42.67,54.57,56.24,40.38,G2,0
50,28.09,,62.37,63.13,G1,1
51,72.7,39.72,62.38,30.29,G1,1
52,41.95,33.27,49.28,33.25,G1,0
53,66.45,45.74,47.32,50.49,G1,1
54,52.07,37.34,43.57,34.65,G1,0
55,57.86,70.87,47.18,63.09,G2,1
56,42.81,54.22,45.11,41.97,G2,0
57,62.65,25.23,49.19,56.59,G1,0
58,43.91,44.04,43.76,43.78,G1,0
59,58.06,76.52,48.27,46.62,G2,1
60,44.5,53.95,59.25,43.82,G1,1
61,69.46,31.47,59.02,56.44,G1,1
62,62.23,47.96,50.79,53.63,G1,1
63,62.16,45.48,58.06,63.76,G1,1
64,50.77,50.57,53.18,54.5,G2,1
65,38.16,52.82,58.14,80.11,G1,1
66,56.13,42.34,56.21,61.95,G2,1
67,50.77,38.29,54.45,52.52,G2,0
68,44.63,54.8,55.46,69.93,G1,1
69,55.79,48.4,41.91,57.61,G2,0
70,52.8,35.74,54.06,56.89,G1,0
71,42.26,39.77,43.28,38.39,G2,0
72,44.05,59.55,83.48,47.6,G2,1
73,50.47,43.31,45.78,40.25,G1,0
74,33.88,48.71,33.22,51.98,G1,0
75,51.87,55.52,44.08,46.4,G2,0
76,,40.82,40.72,65.09,G1,1
77,51.39,42.71,53.42,59.03,G2,1
78,,49.68,44.92,59.62,G1,1
79,58.13,33.84,57.49,44.06,G1,1
80,60.89,46.21,63.08,54.36,G1,1
81,56.2,32.68,40.53,36.51,G1,0
82,43.2,45.8,29.3,50.62,G2,0
83,57.56,53.75,42.5,54.25,G1,1
84,63.37,53.19,60.13,42.85,G2,0
85,55.62,28.27,64.14,56.19,G1,1
86,64.64,60.71,56.88,38.03,G1,0
87,60.92,46.42,49.5,50.82,G1,1
88,56.82,54.23,43.76,53.18,G1,1
89,63.84,49.21,41.87,46.35,G1,1
90,48.0,32.68,29.58,44.77,G2,0
91,28.14,49.78,47.51,57.84,G1,1
92,62.75,41.74,32.62,60.07,G1,1
93,59.1,66.3,74.48,47.97,G1,1
94,50.44,63.14,43.27,70.97,G2,1
95,74.57,47.26,50.69,46.16,G2,1
96,49.75,57.42,63.98,33.54,G1,0
97,38.7,37.91,35.74,57.51,G2,0
98,43.3,53.88,53.45,62.19,G1,1
99,61.69,51.26,65.91,48.04,G2,1
100,64.22,45.44,52.01,45.17,G1,1
101,45.23,43.2,37.78,50.45,G2,1
102,46.83,57.23,52.08,38.21,G2,0
103,31.03,57.42,45.63,52.55,G1,0
104,,57.97,49.06,40.2,G1,1
105,46.95,39.33,41.86,36.99,G2,0
106,31.35,49.19,46.06,50.81,G2,0
107,41.22,,54.14,35.24,G2,0
108,,,44.69,40.33,G1,0
109,37.51,18.02,39.71,45.16,G2,0
110,39.63,49.19,52.71,55.35,G1,1
111,,38.85,51.18,61.81,G2,1
112,35.8,56.71,73.17,61.04,G2,1
113,24.87,34.75,56.53,45.36,G2,0
114,40.97,51.68,48.15,58.48,G2,1
115,58.45,51.79,50.99,31.1,G2,0
116,66.24,57.19,57.64,53.63,G2,1
117,81.87,48.85,64.98,53.59,G2,1
118,52.91,47.78,27.22,37.46,G2,0
119,65.84,63.47,66.79,50.94,G2,1
120,63.83,49.28,42.96,51.1,G1,1
121,49.31,64.33,36.83,42.1,G2,1
122,59.04,62.13,32.29,48.64,G1,1
123,31.59,53.87,56.91,42.0,G2,0
124,43.1,61.47,53.93,55.93,G2,1
125,39.69,40.29,58.6,55.37,G2,0
126,50.71,49.4,45.6,68.44,G1,1
127,57.27,43.55,63.52,63.64,G2,1
128,41.71,58.21,56.02,32.01,G2,0
129,53.4,60.37,32.36,49.72,G2,1
130,45.86,53.15,59.17,64.4,G1,1
131,49.7,64.4,60.99,41.42,G2,1
132,55.04,57.82,48.0,53.21,G2,1
133,51.78,49.53,69.38,62.24,G2,1
134,61.19,,52.05,39.85,G2,0
135,47.19,49.28,30.23,41.65,G1,0
136,40.54,45.39,36.69,56.73,G1,0
137,,39.12,58.59,58.99,G1,1
138,56.52,38.16,37.06,51.99,G1,0
139,48.74,54.62,63.67,58.66,G2,1
140,46.53,52.09,44.52,54.34,G2,1
141,38.69,61.74,62.16,47.77,G2,1
142,48.94,48.49,44.4,74.69,G2,1
143,47.29,62.75,51.61,40.41,G1,0
144,44.76,52.33,49.0,50.05,G2,1
145,50.04,,59.91,43.04,G1,1
146,41.79,32.18,37.7,46.5,G2,0
147,40.85,42.2,50.9,46.91,G2,0
148,32.2,49.24,47.48,61.28,G2,1
149,39.68,52.01,35.21,74.66,G2,1
150,43.39,58.02,49.1,43.66,G2,1
151,,38.17,45.25,44.19,G1,0
152,54.33,38.49,44.48,32.31,G1,0
153,42.44,52.62,47.35,53.62,G2,1
154,59.17,,48.77,23.29,G2,0
155,50.58,70.42,52.53,28.39,G1,0
156,36.76,46.76,37.88,57.17,G1,0
157,49.59,49.46,44.89,30.96,G1,0
158,71.35,37.84,45.06,55.32,G2,1
159,49.5,44.57,48.5,59.34,G1,1
160,69.76,47.95,53.13,72.9,G2,1
161,40.44,51.24,67.05,52.25,G2,1
162,31.43,41.2,54.47,44.4,G1,0
163,54.64,63.31,59.03,42.53,G1,1
164,37.52,45.22,49.16,45.68,G2,0
165,55.96,59.91,47.57,43.43,G2,0
166,51.16,45.72,50.92,59.28,G2,1
167,43.68,35.44,40.87,50.82,G1,0
168,39.64,47.91,54.42,48.26,G1,1
169,46.42,56.85,46.34,59.65,G2,1
170,59.01,44.78,41.55,49.8,G1,0
171,67.95,47.14,52.94,45.61,G2,1
172,63.58,43.17,38.48,53.19,G2,0
173,47.41,50.49,49.34,42.43,G2,0
174,58.27,53.59,57.11,52.76,G2,1
175,46.95,51.29,62.42,47.19,G1,1
176,51.65,48.13,67.94,44.14,G2,1
177,41.69,36.42,36.59,71.65,G1,1
178,51.49,51.05,52.54,50.58,G1,0
179,58.93,41.27,57.13,32.65,G1,0
180,38.21,49.52,50.03,46.67,G1,1
181,61.5,57.37,56.68,61.57,G2,1
182,48.33,40.15,57.84,51.51,G2,0
183,64.36,44.55,46.68,50.0,G1,0
184,49.7,41.53,59.74,46.71,G1,1
185,45.87,56.06,54.22,36.58,G1,1
186,37.0,73.7,46.76,56.54,G2,1
187,52.66,38.88,35.19,49.63,G1,0
188,58.68,58.44,49.25,59.11,G1,1
189,49.62,58.1,34.73,31.0,G1,0
190,48.55,55.17,52.36,54.14,G1,1
191,53.74,58.36,39.26,35.36,G1,0
192,65.13,49.73,46.08,57.66,G2,1
193,41.96,34.77,50.99,53.98,G2,0
194,61.08,51.23,74.52,57.75,G1,1
195,57.03,54.99,50.29,38.88,G1,1
196,37.24,46.6,57.98,46.83,G1,0
197,,41.96,48.84,65.73,G1,1
198,30.21,,45.68,47.95,G2,1
199,64.59,49.21,51.04,54.38,G2,0
200,50.88,41.28,63.44,39.49,G1,0
201,38.07,55.7,40.42,52.8,G2,0
202,56.25,48.13,61.25,53.41,G2,1
203,42.97,59.37,63.5,39.98,G2,1
204,36.29,59.19,54.17,68.57,G2,1
205,57.83,45.89,51.82,36.62,G2,0
206,58.2,47.41,55.37,50.11,G1,1
207,52.64,43.72,42.78,53.68,G1,0
208,51.03,58.01,50.56,40.05,G1,0
209,48.02,50.68,41.81,60.39,G1,1
210,40.79,60.35,31.36,36.4,G2,0
211,30.66,49.3,50.51,50.94,G1,0
212,60.21,43.83,48.39,73.91,G2,1
213,56.12,44.31,46.03,45.72,G1,1
214,46.51,43.61,64.78,42.14,G1,0
215,35.3,41.84,36.17,49.37,G2,0
216,,57.0,55.43,41.59,G1,0
217,42.65,38.97,67.11,43.21,G1,0
218,44.32,71.56,57.7,38.09,G1,1
219,38.39,57.2,54.42,38.99,G1,1
220,47.15,49.12,55.91,61.45,G2,1
221,58.26,42.6,39.81,59.9,G1,1
222,57.94,52.9,39.66,41.42,G2,0
223,51.75,55.15,48.4,50.47,G2,0
224,57.35,48.35,52.16,58.38,G1,1
225,44.6,55.7,47.62,44.96,G2,1
226,53.97,36.64,65.77,45.27,G1,1
227,57.83,54.52,58.84,57.27,G2,1
228,51.31,44.47,46.6,27.98,G2,0
229,43.38,49.68,48.89,40.87,G2,0
230,63.38,46.72,42.11,42.85,G2,1
231,52.2,51.57,49.23,33.61,G2,0
232,53.21,46.35,41.58,45.0,G2,1
233,46.22,55.99,62.86,63.13,G2,1
234,44.14,47.87,52.87,51.01,G1,0
235,55.86,54.48,48.24,42.17,G2,1
236,38.1,67.16,51.97,44.35,G2,1
237,43.44,47.64,53.93,63.35,G2,1
238,58.7,57.01,34.49,51.56,G1,1
239,43.27,48.54,52.65,47.78,G2,0
240,,37.56,50.65,57.1,G2,0
241,54.87,66.38,45.12,44.72,G1,1
242,43.63,57.55,39.85,39.14,G1,0
243,39.64,57.78,58.3,52.38,G2,1
244,,48.19,40.74,35.18,G1,0
245,47.9,42.35,58.9,59.76,G1,1
246,41.82,61.11,59.79,41.23,G1,1
247,48.59,40.44,61.71,44.64,G2,0
248,48.6,,59.47,46.79,G1,0
249,40.87,55.07,42.94,57.11,G2,1
250,55.46,45.8,32.18,64.67,G1,1
251,51.12,52.76,61.27,46.7,G1,1
252,51.04,54.86,82.45,48.56,G1,0
253,56.45,44.36,51.98,42.59,G2,1
254,63.58,48.55,62.8,47.1,G2,1
255,48.43,,46.71,49.3,G2,1
256,35.73,62.11,47.92,31.94,G1,0
257,52.54,57.85,65.83,61.47,G2,1
258,,,43.71,48.51,G1,1
259,52.14,35.05,48.12,47.58,G1,0
260,47.57,44.85,41.8,55.77,G2,1
261,56.43,56.24,51.59,55.54,G1,1
262,61.23,,35.05,39.91,G1,0
263,34.87,51.45,58.48,54.11,G2,1
264,66.6,49.15,45.82,58.56,G2,1
265,84.85,60.52,39.22,59.89,G2,1
266,59.52,46.89,31.26,45.07,G2,0
267,42.89,62.7,43.62,60.92,G1,1
268,57.14,56.79,51.3,49.85,G1,1
269,43.16,49.17,53.4,49.09,G1,0
270,56.74,47.73,52.05,52.07,G2,1
271,60.58,55.07,53.63,25.91,G2,0
272,50.63,60.11,68.77,43.97,G2,1
273,44.13,,58.59,57.88,G2,1
274,45.81,37.38,52.78,57.92,G2,0
275,46.35,67.06,36.04,51.18,G1,0
276,56.28,57.26,57.2,49.85,G1,1
277,60.66,63.69,38.5,42.02,G1,0
278,49.24,50.65,38.72,50.2,G1,0
279,44.18,69.01,48.69,40.93,G2,0
280,43.05,64.43,49.38,48.54,G1,1
281,59.03,51.3,63.22,55.61,G2,1
282,58.24,68.03,57.66,57.84,G2,1
283,47.66,42.48,54.34,46.08,G1,0
284,50.04,53.66,57.26,64.27,G1,1
285,48.4,60.7,57.26,51.97,G1,1
286,59.66,57.52,64.3,51.76,G2,1
287,63.8,48.59,69.88,48.53,G2,1
288,45.41,49.77,49.2,59.04,G1,0
289,48.25,43.13,65.79,48.88,G2,1
290,64.98,31.95,49.6,71.9,G1,1
291,44.59,66.82,41.1,46.66,G2,1
292,43.85,42.79,37.69,44.72,G1,0
293,53.45,39.85,22.89,45.43,G2,0
294,60.34,64.37,39.22,25.7,G1,0
295,56.8,28.47,23.54,42.5,G1,0
296,38.29,60.21,41.32,50.24,G1,1
297,,44.47,59.74,44.51,G2,1
298,50.79,53.82,58.0,37.03,G1,1
299,37.94,23.07,53.4,59.69,G1,0
300,32.79,65.73,24.87,43.16,G2,0
1,62.72,37.48,54.22,33.72,G2,0
2,47.61,48.01,56.53,43.47,G1,0
3,56.75,40.57,43.42,38.98,G1,0
4,68.37,24.76,56.64,32.77,G2,0
5,50.42,,60.99,57.3,G1,1
